epoch,loss,val_loss
0,39.75035718789482,37.845736312671285
1,36.70352061788386,34.89295185870763
