epoch,loss,val_loss
0,39.75035718789482,37.845736312671285
